Book_name,Author_name,Duration
Fragments,By: Nyla K,Length: 21 hrs and 53 mins
Oberon’s Bathtime Stories,By: Kevin Hearne,Length: 4 hrs and 29 mins
Farsight: Blade of Truth,By: Phil Kelly,Length: 13 hrs and 13 mins
Feral Mage,By: Chase Kilgore,Length: 10 hrs and 5 mins
Cardinal Wolsey,By: Mandell Creighton,Length: 6 hrs and 28 mins
The Way We Collide,By: Tia Louise,Length: 9 hrs and 28 mins
Notes on Being a Man,By: Scott Galloway,Length: 8 hrs
Three to Fall,By: Elle Thorpe,Length: 10 hrs and 28 mins
Steadfast Hand,By: M. Tress,Length: 12 hrs and 3 mins
Hand of Fate,"By: J.N. Chaney, Terry Maggert",Length: 10 hrs and 14 mins
The Complete John Broadway Omnibus,By: John Broadway,Length: 55 hrs and 17 mins
The Assassin and the Desert,By: Sarah J. Maas,Length: 2 hrs and 55 mins
The Best Man,"By: Malcolm D. Lee, Jayne Allen",Length: 8 hrs
Champions Never Quit,By: Jacob Smith,Length: 3 hrs and 46 mins
How Countries Go Broke,By: Ray Dalio,Length: 9 hrs
"Azarinth Healer, Book Five",By: Rhaegar,Length: 20 hrs and 18 mins
Twelve Months,By: Jim Butcher,Length: 15 hrs
The Essence of Christianity,By: Ludwig Feuerbach,Length: 13 hrs and 57 mins
The Last Invention,By: Ethan Vale,Length: 10 hrs and 16 mins
10 Ways to Accidentally Fall in Love,By: Emmy Sanders,Length: 9 hrs and 18 mins
"Love, Lies, and Secrets",By: Yana Feldman,Length: 1 hr and 31 mins
The Art of Mastering Effectiveness,By: Jacob Smith,Length: 3 hrs and 40 mins
Human Omega: Married to the Barbarian Prince,By: Eileen Glass,Length: 17 hrs and 48 mins
Odyssey,By: Stephen Fry,Length: 10 hrs and 36 mins
Path of the Berserker 4: A Daopocalypse Progression Fantasy,By: Rick Scott,Length: 15 hrs and 32 mins
A Brief History of Chronomancy,By: Andrew Rowe,Length: 15 hrs and 14 mins
"The End of The End (Zombie Fallout, Book 25)",By: Mark Tufo,Length: Not Yet Known
Rewrite My Heart,By: Mona Zughbi,Length: 1 hr and 47 mins
Gallipoli Diary,By: John Graham Gillam,Length: 12 hrs and 5 mins
"Apocalypse: Regression, Book 6","By: R.A. Mejia, Charles Dean",Length: 9 hrs and 19 mins
Sunnyside,By: Rob Dircks,Length: 6 hrs and 17 mins
Star Wars: The High Republic: Into the Light,By: Claudia Gray,Length: 9 hrs and 57 mins
He Who Fights with Monsters 12: A LitRPG Adventure,"By: Shirtaloon, Travis Deverell",Length: 20 hrs and 26 mins
Return to Sender,By: Craig Johnson,Length: 11 hrs and 45 mins
Whispers and Wildfire,By: Claire Kingsley,Length: 10 hrs and 23 mins
Gateway,By: Craig Alanson,Length: 21 hrs and 40 mins
Bridesmaid by Chance,By: Meghan Quinn,Length: 14 hrs and 38 mins
Vagabond,By: Tim Curry,Length: 9 hrs
Hero Support 2,By: Stoham Baginbott,Length: 6 hrs and 27 mins
The Richest Man in Babylon,By: George S. Clason,Length: 3 hrs and 31 mins
The Honeymoon,By: Jane E. James,Length: 7 hrs and 45 mins
Cripps the Carrier,By: Richard Doddridge Blackmore,Length: 13 hrs and 39 mins
The Succubi,By: Apollos Thorne,Length: 14 hrs and 28 mins
Landon,By: Maryann Jordan,Length: 8 hrs and 25 mins
Medicare Mama's Guide to Medicare and Social Security Retirement,By: Sylvia Gordon,Length: 9 hrs and 46 mins
The Widow,By: John Grisham,Length: 11 hrs and 30 mins
Speak and Be Heard,By: DANIEL RIFFLE,Length: 4 hrs and 33 mins
The Hurricane Hunters,By: Ivan Ray Tannehill,Length: 9 hrs and 11 mins
Rasputin and the Russian Revolution,By: Princess Catherine Radziwill,Length: 6 hrs and 46 mins
The Ultimate Keto Cookbook for Beginners 2025,By: Leon Heaney,Length: 7 hrs and 16 mins
The Bachelors' Club,By: Israel Zangwill,Length: 9 hrs and 39 mins
Silver Borne (Dramatized Adaptation),By: Patricia Briggs,Length: 6 hrs and 48 mins
Great Tours: Ancient Cities of the Mediterranean,"By: Darius Arya, The Great Courses",Length: 11 hrs and 32 mins
Rise of the Living Forge 3,By: Actus,Length: 21 hrs and 11 mins
Jameson,By: Anna Hackett,Length: 4 hrs and 46 mins
The Unquiet Grave,By: Dervla McTiernan,Length: 11 hrs and 58 mins
The Art of Winning,By: Bill Belichick,Length: 9 hrs
The Secrets That They Keep,"By: J. S Donovan, Skylar Finn",Length: 25 hrs and 41 mins
Star Wars: Master of Evil,By: Adam Christopher,Length: 13 hrs
Cher: Part Two,By: Cher,Length: Not Yet Known
House of Flame and Shadows (Part 2 of 2) (Dramatized Adaptation),By: Sarah J. Maas,Length: 12 hrs
Love Novels,By: Terrell Brown,Length: 4 hrs and 13 mins
Onyx Storm (Part 1 of 2) (Dramatized Adaptation),By: Rebecca Yarros,Length: 9 hrs
Online Money-Making Lesson Number 1,By: NICOLE SCOTT,Length: 4 hrs and 14 mins
Severed Heart: The Birth of a Warrior,By: Kate Stewart,Length: 24 hrs and 43 mins
Age of Expansion,By: Jez Cajiao,Length: 23 hrs and 52 mins
The Golden,By: Shawna Williams,Length: 4 hrs and 9 mins
Easy & Delicious Keto Recipes for Beginners,By: Alicia Jordan,Length: 7 hrs and 13 mins
Enemy at Bay,By: S. H. Jucha,Length: 12 hrs and 38 mins
Original Sin,"By: Jake Tapper, Alex Thompson",Length: 8 hrs and 52 mins
Cooking Instructions,By: Rudy Soto,Length: 3 hrs and 32 mins
Homeworld Hero,By: Will Nesbitt,Length: 2 hrs and 54 mins
The Woman Left Behind,By: Kristen Ashley,Length: Not Yet Known
Unspoken Words,By: Juliana Adikhai,Length: 4 hrs and 19 mins
The Secret of Secrets,By: Dan Brown,Length: 20 hrs
Marauder,By: Seth Ring,Length: 13 hrs and 30 mins
Shadow's Heart,By: Kresley Cole,Length: 12 hrs and 26 mins
Unlock Your Success Code,By: Jacob Smith,Length: 3 hrs and 23 mins
King of Envy,By: Ana Huang,Length: 16 hrs
The Stormborne Vine,By: Tilly Wallace,Length: 8 hrs and 10 mins
The Proving Ground,By: Michael Connelly,Length: 12 hrs
The Seven Rings,By: Nora Roberts,Length: 14 hrs and 30 mins
When God Speaks,By: Joshua Giles,Length: 7 hrs
How to Giggle,"By: Hannah Berner, Paige DeSorbo",Length: 4 hrs and 17 mins
From Silence to Influence,By: Jon Cam,Length: 4 hrs and 24 mins
Merchant of Rebellion,By: Bruce Sentar,Length: 15 hrs and 55 mins
"Heretical Fishing 4: A Cozy Guide to Annoying the Cults, Outsmarting the Fish, and Alienating Oneself",By: Haylock Jobson,Length: 21 hrs and 6 mins
The Complete Keto Meal Prep Cookbook for Beginners,By: Keira Davies,Length: 7 hrs and 31 mins
Ghostsong,By: pirateaba,Length: 21 hrs and 39 mins
Caught Up,By: Navessa Allen,Length: Not Yet Known
镜花缘 [Mirror Flower Fate],By: qing li ru zhen,Length: 35 hrs and 17 mins
Never Flinch,By: Stephen King,Length: 20 hrs
Legend to Farmer 5,By: Dante King,Length: 8 hrs and 19 mins
(蓝皮）国学 儒林外史 [(Blue Skin) Chinese Studies Scholars],By: 吴敬梓,Length: 29 hrs and 38 mins
Star Wars: Shadows of the Empire,By: Steve Perry,Length: 14 hrs
Always Salty,By: Lani Lynn Vale,Length: 6 hrs and 1 min
Enchantra,By: Kaylie Smith,Length: 11 hrs and 57 mins
Great Big Beautiful Life,By: Emily Henry,Length: 12 hrs and 2 mins
The Silver Tomb,By: Hayriye Erkizan,Length: 2 hrs and 37 mins
The Hallmarked Man,By: Robert Galbraith,Length: 32 hrs
The Art of War Sun Tzu - Complete Edition: The New Modern English Translation (Translated and Annotated),By: Sun Tzu,Length: 5 hrs and 1 min
The Rotten Belly Society,By: Franklin Horton,Length: 7 hrs and 49 mins
Bog Standard Isekai: Nightmares,By: Miles English,Length: 21 hrs and 23 mins
Building the Future,By: Kelly Yostel,Length: 2 hrs and 32 mins
Untamed,By: Jane Henry,Length: 9 hrs and 20 mins
Denied Access,"By: Vince Flynn, Don Bentley",Length: 13 hrs
Crossing Lines,By: Christie Gordon,Length: 10 hrs and 11 mins
Mechanical Aptitude Test Study Guide,By: Darcy West,Length: 8 hrs and 20 mins
Exit Strategy,"By: Lee Child, Andrew Child",Length: 12 hrs
Deacon,By: Raya Morris Edwards,Length: 13 hrs and 7 mins
The Primal Hunter 11,By: Zogarth,Length: 23 hrs and 31 mins
Road to Mastery 6,By: Valerios,Length: 22 hrs and 41 mins
Control,By: Sean Oswald,Length: 15 hrs and 44 mins
That Affair at Portstead Manor,By: Gladys Edson Locke,Length: 5 hrs and 37 mins
The Lieutenant,By: Piper Stone,Length: 10 hrs and 29 mins
The Amazon Goldmine,By: Andrea Linzy,Length: 5 hrs and 25 mins
The Ultimate Money Making Mindset,By: PABLO SANCHEZ,Length: 3 hrs and 22 mins
The Simple Keto Plan for Beginners 2025,By: Skye Bray,Length: 5 hrs
Shadow of Justice,By: Robin James,Length: 9 hrs and 19 mins
Mark of the Fool 8,By: J.M. Clarke,Length: 16 hrs and 14 mins
"Lanagan, Amateur Detective",By: Edward H. Hurlbut,Length: 6 hrs and 27 mins
Butler,By: Salena Zito,Length: 7 hrs and 30 mins
25 Alive,"By: James Patterson, Maxine Paetro",Length: 6 hrs and 40 mins
The Power of Positive Mindset,By: Joseph Monfils,Length: 4 hrs and 16 mins
Pack Power Play,By: Melissa Huxley,Length: 10 hrs and 1 min
"Olga Romanoff or, The Syren of the Skies",By: George Griffith,Length: 13 hrs and 49 mins
Hush,"By: Cathleen Cole, Frank Jensen",Length: 8 hrs and 25 mins
Heartless Heathens,By: Santana Knox,Length: 13 hrs and 42 mins
The Fallen and the Kiss of Dusk,By: Carissa Broadbent,Length: 17 hrs and 46 mins
Stalking Ginevra,By: Gigi Styx,Length: 21 hrs and 23 mins
Turnaround: America's Revival,By: James Lankford,Length: 6 hrs and 34 mins
Cappadonna 2,By: Jahquel J.,Length: 4 hrs and 42 mins
The Forty Five Guardsmen,By: Alexandre Dumas,Length: 15 hrs and 30 mins
The Housemaid's Wedding,By: Freida McFadden,Length: 2 hrs and 23 mins
Lights Out,By: Navessa Allen,Length: 13 hrs and 38 mins
The Dungeon Anarchist's Cookbook,By: Matt Dinniman,Length: 16 hrs and 54 mins
Strangers in Time,By: David Baldacci,Length: 13 hrs and 44 mins
A Soul to Touch,By: Opal Reyne,Length: 18 hrs and 20 mins
Bourbon and Lies,By: Victoria Wilder,Length: 10 hrs and 58 mins
Here Be Dragons,By: M.R. Forbes,Length: 11 hrs and 41 mins
The Devils,By: Joe Abercrombie,Length: 25 hrs and 6 mins
The Fate of the Day,By: Rick Atkinson,Length: 32 hrs and 26 mins
Beginners Guide to Living Off-Grid,By: Dave Phillips,Length: 3 hrs and 32 mins
Whisk Me Away,By: Georgia Beers,Length: 9 hrs and 33 mins
Calm Your Inflammation Anti-Inflammatory Diet,By: Brenda Tidwell,Length: 3 hrs and 13 mins
Marble Hall Murders,By: Anthony Horowitz,Length: 17 hrs and 38 mins
The Perfect Divorce,By: Jeneva Rose,Length: 9 hrs and 27 mins
The Japanese Mystery of Love and Death Is Full of Suspicion,By: Anthony Buonanno,Length: 4 hrs and 18 mins
Undeniable,By: Cameron Hanes,Length: 8 hrs and 17 mins
Iron Gold (Part 2 of 2) (Dramatized Adaptation),By: Pierce Brown,Length: 11 hrs and 29 mins
The Radio Beasts,By: Ralph Milne Farley,Length: 8 hrs and 7 mins
The Seven Frequencies of Communication,By: Erwin Raphael McManus,Length: 3 hrs and 4 mins
Mother’s Day,"By: Michael Harbut, Asiri Miller",Length: 2 mins
Rich Mindset,By: DAVID HAWKINS,Length: 4 hrs and 11 mins
The Crown of Gilded Bones (Part 1 of 2) (Dramatized Adaptation),By: Jennifer L. Armentrout,Length: 9 hrs
Framed in Death,By: J. D. Robb,Length: 12 hrs and 51 mins
Sinful Promise,"By: Kira Cole, Callie Stevens",Length: 8 hrs and 2 mins
Ghost of the Truthseeker 3: A LitRPG Adventure,By: Strungbound,Length: 21 hrs and 34 mins
My Next Breath,By: Jeremy Renner,Length: 6 hrs and 35 mins
The Hundredth Chance,By: Ethel M. Dell,Length: 16 hrs
My Friends,By: Fredrik Backman,Length: 13 hrs and 7 mins
Odessa Sea,"By: Clive Cussler, Dirk Cussler",Length: 12 hrs and 10 mins
The Danger in the Damage,By: JA Huss,Length: 8 hrs and 5 mins
Murder by Cheesecake,By: Rachel Ekstrom Courage,Length: 7 hrs and 52 mins
Atmosphere,By: Taylor Jenkins Reid,Length: 14 hrs
Feral: MMMF,By: Mila Crawford,Length: 4 hrs and 39 mins
Kiss the Villain,By: Rina Kent,Length: 14 hrs and 26 mins
Someday You Learn,By: Harlow James,Length: 8 hrs and 58 mins
A Child’s History of England,By: Charles Dickens,Length: 16 hrs and 6 mins
Can't Get Enough,By: Kennedy Ryan,Length: 14 hrs and 30 mins
Carl's Doomsday Scenario,By: Matt Dinniman,Length: 11 hrs and 28 mins
Gold Digger,By: Susie Tate,Length: 9 hrs and 50 mins
Historic Wonders to Explore,By: SOPHIA DAVIS,Length: 4 hrs and 6 mins
Crashing the System,By: Inadvisably Compelled,Length: 15 hrs and 4 mins
The Primal of Blood and Bone,By: Jennifer L. Armentrout,Length: 24 hrs
The Diseased,By: Keith Barclift,Length: 4 hrs and 16 mins
The Missing Half,"By: Ashley Flowers, Alex Kiester - contributor",Length: 8 hrs and 11 mins
We Are All Guilty Here,By: Karin Slaughter,Length: 16 hrs
Critique of Pure Reason (Annotated Edition),By: Immanuel Kant,Length: 21 hrs and 31 mins
Outlander,By: Diana Gabaldon,Length: 21 hrs and 20 mins
Blood Runs Cold,By: Silvia Violet,Length: 6 hrs and 1 min
The Tenant,By: Freida McFadden,Length: 8 hrs and 50 mins
Reverence,By: Milena McKay,Length: 9 hrs and 24 mins
The Antiquary,By: Sir Walter Scott,Length: 18 hrs and 57 mins
Nightshade,By: Michael Connelly,Length: 11 hrs and 30 mins
Sherlock Holmes: The Definitive Collection,"By: Arthur Conan Doyle, Stephen Fry - introductions",Length: 71 hrs and 57 mins
中国通史 [A General History of China],By: 吕思勉,Length: 30 hrs and 28 mins
Hidden Nature,By: Nora Roberts,Length: 14 hrs and 55 mins
Speak to Connect,By: Indio Garnett,Length: 4 hrs and 36 mins
The Impossible Fortune,By: Richard Osman,Length: 11 hrs
The French House,"By: Clay Wise, Marie Wilkens, Skylar Finn",Length: 25 hrs and 37 mins
Effortless ADHD Organization,By: Sterling Cheney,Length: 6 hrs and 30 mins
Conquering Crisis,By: Admiral William H. McRaven,Length: 4 hrs and 39 mins
Big Dumb Eyes,By: Nate Bargatze,Length: 7 hrs
Throb,By: Vi Keeland,Length: 7 hrs and 47 mins
The Bible Says So,By: Dan McClellan,Length: 9 hrs and 14 mins
Cry Havoc,By: Jack Carr,Length: 15 hrs and 30 mins
Monster Tamer Academy,"By: Robyn Wideman, Matt Herrmann",Length: 14 hrs and 35 mins
Graveyard of Demons,By: Larry Correia,Length: Not Yet Known
The House That Watches,"By: Marie Wilkens, Vincent Valentean, Clay Wise, Wren Taylor",Length: 32 hrs and 5 mins
Secret Sister,By: Sarah A. Denzil,Length: 8 hrs and 48 mins
The Editor,By: Riano McFarland,Length: 5 hrs and 55 mins
Wildest Dreams,By: L.J. Shen,Length: 12 hrs and 36 mins
Sugarland,By: Tom Fontana,Length: 4 hrs and 6 mins
Herald of Shalia 5,By: Tamryn Tamer,Length: 17 hrs and 59 mins
En el amor y en la guerra,By: Ildefonso Falcones,Length: 29 hrs and 15 mins
Sacred Science,By: William H. West MD,Length: 11 hrs and 5 mins
The Building 402 Collection,By: Alexandra Warren,Length: 12 hrs and 24 mins
Love Bites,By: Lola Glass,Length: 5 hrs and 51 mins
The False Hero: Volume 9,By: Michael Plymel,Length: 11 hrs and 2 mins
The Art of Words,By: Natasha Cox,Length: 5 hrs and 6 mins
"A Death, A Duke, and Miss Mifford",By: Claudia Stone,Length: 6 hrs and 10 mins
"The Witches of Scotland: The Edinburgh Files, Book 3",By: Steven P Aitchison,Length: 7 hrs and 28 mins
The Business Trip,By: Jessie Garcia,Length: 9 hrs and 7 mins
"Warlock, Book Two",By: Daniel Kensington,Length: 13 hrs and 12 mins
Dragon Day,By: Bob Proehl,Length: 6 hrs and 29 mins
Careless People,By: Sarah Wynn-Williams,Length: 13 hrs and 16 mins
The Black Wolf,By: Louise Penny,Length: 12 hrs and 51 mins
The Gate of the Feral Gods,By: Matt Dinniman,Length: 18 hrs and 3 mins
LLC & Taxes Explained for Beginners,By: Pantheon Space Academy,Length: 3 hrs and 34 mins
Becoming HER,By: Monica Yates,Length: 7 hrs and 24 mins
The End of the World as We Know It,"By: Christopher Golden - contributor, Brian Keene - contributor, Stephen King - introduction",Length: 26 hrs and 30 mins
Let Them,By: Melinda Brown,Length: 2 hrs and 6 mins
Return to Demeter,By: Alan 'Doc' Hansen,Length: 6 hrs and 19 mins
Wild and Wrangled,By: Lyla Sage,Length: 9 hrs and 26 mins
Throne of Glass (Dramatized Adaptation),By: Sarah J. Maas,Length: 11 hrs
Dark Seduction - The Psychology of Irresistible Attraction,By: Jason Malone,Length: 3 hrs and 27 mins
Shadow of the Solstice,By: Anne Hillerman,Length: 9 hrs and 40 mins
The Patricia Fisher Mysteries: All Ten Books,By: Steve Higgs,Length: 52 hrs and 7 mins
Mitchell’s Untamed Mate,By: S.E. Smith,Length: 7 hrs and 40 mins
"Love, Rebooted",By: Katy Summers,Length: 9 hrs and 41 mins
Fated to the Beta,By: Jessica Hall,Length: 13 hrs and 51 mins
C. S. Lewis. Collection of Religious Works,By: C. S. Lewis,Length: 20 hrs and 11 mins
The Haunting of Cravenhill Manor,By: Vincent Valentean,Length: 9 hrs and 32 mins
In Good Company,By: Kat Singleton,Length: 9 hrs and 58 mins
My Friend Norm,By: Fred Stoller,Length: 1 hr and 8 mins
Your Heart Knows How to Heal You,By: Cissi Williams,Length: 12 hrs and 37 mins
Undeniably Enemies,By: J. Saman,Length: 10 hrs and 39 mins
Raised by Emotionally Immature Parents,By: Krista Cantell,Length: 5 hrs and 17 mins
The Complete Friedrich Nietzsche Philosophy Collection,By: Friedrich Nietzsche,Length: 106 hrs
Fight,By: Sloane St. James,Length: 9 hrs and 50 mins
Sons of Valor IV: False Flag,"By: Brian Andrews, Jeffrey Wilson",Length: 11 hrs and 30 mins
The Devouring Tide,By: WillPowah,Length: 11 hrs and 14 mins
"Mushoku Tensei: Redundant Reincarnation, Vol. 2",By: Rifujin na Magonote,Length: 7 hrs and 42 mins
My Silver Lining,By: Laura Pavlov,Length: 8 hrs and 36 mins
An Education in Magical Affairs: An Isekai LitRPG,By: SourpatchHero,Length: 16 hrs
The Things We Leave Unfinished,By: Rebecca Yarros,Length: 14 hrs and 32 mins
Rhett,By: Riley Hart,Length: 7 hrs and 12 mins
Amber the Cursed Berserker: Book 1,"By: V.A. Lewis, Azrie",Length: 17 hrs and 39 mins
The Adventures of the Infallible Godahl,By: Frederick Irving Anderson,Length: 5 hrs
All the Skills 5: A Deck-Building LitRPG,By: Honour Rae,Length: 11 hrs and 12 mins
The Crash,By: Freida McFadden,Length: 9 hrs and 13 mins
The Weirdies: Maybe This Is a Bit Too Weird,By: Michael Buckley,Length: 2 hrs and 10 mins
Mark Twain,By: Ron Chernow,Length: 48 hrs
Start Menu 2: Continue Game,By: Kos Play,Length: 17 hrs and 14 mins
The Wild Wolf's Rejected Mate,By: Cate C. Wells,Length: 10 hrs and 19 mins
The Lost Reclaimed,By: Tom Elliot,Length: 22 hrs and 6 mins
Flag Day,"By: Michael Harbut, Michael Anderson",Length: 2 mins
Inner Voice,By: Aine McCuin,Length: 57 mins
The Journal of a Thousand Years,By: C.J. Archer,Length: 8 hrs and 21 mins
Garden of Sanctuary,By: pirateaba,Length: 31 hrs and 13 mins
The Chronicles of Narnia Complete Audio Collection,By: C. S. Lewis,Length: 33 hrs and 45 mins
The Monk,By: Matthew Gregory Lewis,Length: 15 hrs and 24 mins
Crimson Reversal,By: Lincoln Williamson,Length: 12 hrs and 53 mins
Why Won't You Sleep?!,"By: Macall Gordon, Kim West",Length: 9 hrs and 22 mins
The Quick Solution ADHD Gut Fix for Women Over 40,By: Marusya Wellness Publishing,Length: 4 hrs and 7 mins
Protocols,By: Andrew D. Huberman Ph.D.,Length: 11 hrs
Free Yourself from the Grip of Alcohol Addiction,By: Yvonne L.M. Cross,Length: 3 hrs and 48 mins
Target Twelve,By: Jack Mars,Length: 5 hrs and 7 mins
Master Your Mind,By: Evelyn Hayes,Length: 10 hrs and 4 mins
For Whom the Belle Tolls,By: Jaysea Lynn,Length: 23 hrs and 38 mins
The Art of Stage Dancing,By: Ned Wayburn,Length: 12 hrs and 9 mins
Walk a Mile,By: Lynda Harlos,Length: 5 hrs and 59 mins
A Court of Frost and Starlight,By: Sarah J. Maas,Length: 6 hrs and 23 mins
Once Upon a Crime,By: Brynn Kelly,Length: 10 hrs and 50 mins
Ashes Fall,By: Deacon Frost,Length: 10 hrs and 37 mins
"Attending Online Class, but the Boyfriend Forgot to Turn Off Mic",By: Debbie Meshew,Length: 1 hr
Solfeggio Frequencies,By: G.H. Upton,Length: 25 hrs and 24 mins
The Whitlock Family Series Boxset,By: Corinne Michaels,Length: 37 hrs and 57 mins
Six Days in Bombay,By: Alka Joshi,Length: 12 hrs and 24 mins
This Inevitable Ruin,By: Matt Dinniman,Length: 28 hrs and 40 mins
"High Times, Hard Lessons",By: Zack Mozes,Length: 4 hrs and 39 mins
Demon Lord Academy 4,By: Shane Hammond,Length: 8 hrs and 37 mins
"Harry Potter and the Goblet of Fire, Book 4",By: J.K. Rowling,Length: 20 hrs and 36 mins
Story of My Life,By: Lucy Score,Length: 16 hrs and 10 mins
Haunting Adeline,By: H. D. Carlton,Length: 15 hrs and 49 mins
The Next Day,By: Melinda French Gates,Length: 3 hrs and 44 mins
In a Rush,By: Kate Canterbary,Length: 14 hrs and 19 mins
Iron Flame,By: Rebecca Yarros,Length: 28 hrs and 16 mins
You Killed Me First,By: John Marrs,Length: 9 hrs and 44 mins
Fearless (Spanish Edition),"By: Lauren Roberts, Cristina Macía Orio",Length: 17 hrs and 52 mins
House of Earth and Blood,By: Sarah J. Maas,Length: 27 hrs and 50 mins
Battle Mountain,By: C.J. Box,Length: 10 hrs and 2 mins
Rhythm of War,By: Brandon Sanderson,Length: 57 hrs and 26 mins
The Fellowship of the Ring,By: J. R. R. Tolkien,Length: 19 hrs and 7 mins
2 Sisters Murder Investigations,"By: James Patterson, Candice Fox",Length: 7 hrs and 21 mins
Take Control of Your Life,By: Mel Robbins,Length: 10 hrs and 3 mins
The Two Towers,By: J. R. R. Tolkien,Length: 20 hrs and 46 mins
Consolations II,By: David Whyte,Length: 7 hrs and 38 mins
Study Guide for Little Women by Louisa May Alcott,By: Louisa Alcott,Length: 21 hrs and 49 mins
The Ultimate Backyard Homesteading Guide for Beginners,By: City Garden Press,Length: 3 hrs and 23 mins
The Inheritance,By: C.J. Petit,Length: 14 hrs and 3 mins
Bitten Shifter,By: Brogan Thomas,Length: 8 hrs and 52 mins
The Ashes and the Star-Cursed King,By: Carissa Broadbent,Length: 19 hrs and 27 mins
Crown of Midnight,By: Sarah J. Maas,Length: 12 hrs and 43 mins
Fourth Wing (Part 1 of 2) (Dramatized Adaptation),By: Rebecca Yarros,Length: 7 hrs and 52 mins
"Harry Potter and the Sorcerer's Stone, Book 1",By: J.K. Rowling,Length: 8 hrs and 18 mins
A oscuras [Lights Out],"By: Navessa Allen, Xavier Beltrán Palomino - translator",Length: 14 hrs and 18 mins
"Harry Potter and the Half-Blood Prince, Book 6",By: J.K. Rowling,Length: 18 hrs and 32 mins
The Half-Elf Demigod Part II,"By: Kugane Maruyama, so-bin, Andrew Cunningham - translator",Length: 7 hrs and 20 mins
The Butcher's Masquerade,By: Matt Dinniman,Length: 23 hrs and 33 mins
Holistically Treating Complex PTSD,By: Pete Walker,Length: 13 hrs and 55 mins
Mockingjay,By: Suzanne Collins,Length: 11 hrs and 19 mins
A Court of Mist and Fury,By: Sarah J. Maas,Length: 23 hrs and 16 mins
Lethal Prey,By: John Sandford,Length: 11 hrs and 12 mins
A People's History of the United States,By: Howard Zinn,Length: 34 hrs and 8 mins
"Harry Potter and the Order of the Phoenix, Book 5",By: J.K. Rowling,Length: 26 hrs and 28 mins
Elon Musk,By: Walter Isaacson,Length: 20 hrs and 39 mins
Demeter,By: Alan D. Hansen,Length: 6 hrs and 35 mins
"Urban Gardening and Raised Bed Gardening Guidebooks for Beginners Trilogy: For Small Space, Backyard Mini & Container Gardens",By: David Whitehead,Length: 15 hrs and 3 mins
Kiss of Seduction,By: Rawnie Sabor,Length: 19 hrs and 6 mins
Iron Flame (Part 2 of 2) (Dramatized Adaptation),By: Rebecca Yarros,Length: 9 hrs and 27 mins
1% Lifesteal,By: Robert Blaise,Length: 16 hrs and 36 mins
The Scarlet Wolf: A Blood Magic Lycanthrope LitRPG,By: Shane Purdy,Length: 17 hrs and 47 mins
Task Force Hammer,By: Craig Alanson,Length: 22 hrs and 9 mins
House of Sky and Breath,By: Sarah J. Maas,Length: 27 hrs and 42 mins
Toxic,By: Nicole Blanchard,Length: 7 hrs and 18 mins
Golden Son,By: Pierce Brown,Length: 19 hrs and 3 mins
Husband Missing,By: Lisa Regan,Length: 13 hrs and 12 mins
Seven of Hearts,By: Maggie Gates,Length: 9 hrs and 30 mins
Time Chaser,By: Rick Gualtieri,Length: 22 hrs and 10 mins
Cyrus the Great Makers of History,By: Jacob Abbott,Length: 7 hrs and 3 mins
Rhino: The Rise of a Warrior,By: Nicholas Sansbury Smith,Length: 12 hrs and 57 mins
Chair Yoga for Seniors Made Easy,By: Eric Santagada,Length: 4 hrs and 15 mins
Halloween,"By: Michael Harbut, Michael Anderson",Length: 3 mins
Rise of the Isekai Hero 2,By: Jason Marino,Length: 14 hrs and 20 mins
Into the Gray Zone,By: Brad Taylor,Length: 12 hrs and 29 mins
Finding Lord Landry,By: Lucy Lennox,Length: 9 hrs and 57 mins
Mountain Boss,By: S.J. Tilly,Length: 9 hrs and 40 mins
Disney Classic Stories: Coco,By: Adrian Molina,Length: 5 mins
Catching Fire,By: Suzanne Collins,Length: 11 hrs and 3 mins
Orion Spur: Paragon's Virtue,By: Alan D. Hansen,Length: 6 hrs and 44 mins
What the Puck!,By: Jason Fronde,Length: 37 mins
The Housemaid's Secret,By: Freida McFadden,Length: 9 hrs and 44 mins
Iron Flame (Part 1 of 2) (Dramatized Adaptation),By: Rebecca Yarros,Length: 11 hrs and 38 mins
Rule of the Aurora King,By: Nisha J. Tuli,Length: 14 hrs and 26 mins
I Will Break You,By: Gigi Styx,Length: 17 hrs and 33 mins
He Who Fights with Monsters: A LitRPG Adventure,"By: Shirtaloon, Travis Deverell",Length: 28 hrs and 56 mins
The Eye of the Bedlam Bride,By: Matt Dinniman,Length: 26 hrs and 46 mins
Hannibal,By: Jacob Abbott,Length: 6 hrs and 5 mins
Smart Money,"By: Brunello Rosa, Casey Larsen",Length: 12 hrs
Father’s Day,"By: Michael Harbut, Michael Anderson",Length: 2 mins
"Haumeah, Volume 4 (Demeter)",By: Alan D. Hansen,Length: 7 hrs and 49 mins
Fight,"By: Jonathan Allen, Amie Parnes",Length: 11 hrs and 18 mins
"Love, Mom",By: Iliana Xander,Length: 9 hrs and 37 mins
Breaking the Habit of Being Yourself,By: Joe Dispenza,Length: 10 hrs and 49 mins
Death at Inishmore Castle,By: Lucy Connelly,Length: 6 hrs and 32 mins
A Court of Wings and Ruin,By: Sarah J. Maas,Length: 25 hrs and 9 mins
The Day My Mother Never Came Home,By: Reginald Reed,Length: 7 hrs and 15 mins
Burn to Shine,By: Jonathan Maberry,Length: 19 hrs and 9 mins
The Complete Philosophy Collection,"By: Sun Tzu, Marcus Aurelius, Frederich Nietzsche, Ralph Waldo Emerson, Miyamonto Musashi, Seneca, Friedrich Nietzsche, Soren Kierkegaard, Conficuis, Plato, Lucretius, Aristotle, Epictetus, James Allen",Length: 113 hrs and 12 mins
"Abundant Mental Mastery 3 in 1 Boxset How to Stop Overthinking, Reduce Anxiety and Thrive",By: Gabrielle Townsend,Length: 13 hrs and 6 mins
A Court of Mist and Fury (Part 1 of 2) (Dramatized Adaptation),By: Sarah J. Maas,Length: 8 hrs and 26 mins
Dune,By: Frank Herbert,Length: 21 hrs and 2 mins
The Well of Ascension,By: Brandon Sanderson,Length: 28 hrs and 56 mins
The Hero of Ages,By: Brandon Sanderson,Length: 27 hrs and 25 mins
Morning Star,By: Pierce Brown,Length: 21 hrs and 50 mins
Fae and Fare,By: pirateaba,Length: 61 hrs and 4 mins
Spring (Vernal) Equinox,"By: Michael Harbut, Michael Anderson",Length: 2 mins
Agentic Artificial Intelligence,"By: Pascal Bornet, Jochen Wirtz, Thomas H. Davenport, David De Cremer, Brian Evergreen, Phil Fersht, Rakesh Gohel, Shail Khiyara, Nandan Mullakara, Pooja Sund",Length: 14 hrs and 42 mins
Heaven's River,By: Dennis E. Taylor,Length: 16 hrs and 57 mins
Magna Carta: The Making and Legacy of the Great Charter,By: Dan Jones,Length: 3 hrs and 1 min
Unrestrained Healer,By: Jonathan Brooks,Length: 14 hrs and 30 mins
Coming in Hot,By: Deany Ray,Length: 7 hrs and 38 mins
A Storm of Swords,By: George R.R. Martin,Length: 47 hrs and 34 mins
The Collection of Sci-Fi Masterpieces (50 + books ),"By: Ray Bradbury, Isaac Asimov, E.M. Forster, Philip K. Dick, Clifford D. Simak, Wilbur S. Peacock, Fredric Brown, Kurt Vonnegut, Jerry Sohl, Robert Louis Stevenson, Arthur Machen, Poul Anderson, Jules Verne, H. G. Wells",Length: 50 hrs and 21 mins
A Clash of Kings,By: George R.R. Martin,Length: 37 hrs and 12 mins
Oathbringer,By: Brandon Sanderson,Length: 55 hrs and 5 mins
If You Tell,By: Gregg Olsen,Length: 10 hrs and 34 mins
Fourth Wing (Part 2 of 2) (Dramatized Adaptation),By: Rebecca Yarros,Length: 9 hrs and 22 mins
Star Wars: The Mask of Fear (Reign of the Empire),By: Alexander Freed,Length: 16 hrs and 51 mins
Anne: The Green Gables,By: L.M. Montgomery,Length: 10 hrs and 30 mins
Say You'll Remember Me,By: Abby Jimenez,Length: 9 hrs and 59 mins
The Murder House,"By: James Patterson, David Ellis",Length: 11 hrs and 26 mins
The Villainess Is an SS+ Rank Adventurer 8,By: Kaye Ng,Length: 11 hrs and 5 mins
The Numbers Killer,By: Jenifer Ruff,Length: 7 hrs and 20 mins
Does It Hurt?,By: H. D. Carlton,Length: 12 hrs and 7 mins
The Bridal Wreath,By: Sigrid Undset,Length: 11 hrs and 44 mins
Love Bites Hard,By: Lola Glass,Length: 6 hrs and 15 mins
The Silent Patient,By: Alex Michaelides,Length: 8 hrs and 33 mins
Love's Ineligible Receiver,By: Love Belvin,Length: 12 hrs and 46 mins
Defending Demeter,By: Alan D. Hansen,Length: 7 hrs and 39 mins
"The Witches of Scotland: The Complete Series, Books 1-8",By: Steven P Aitchison,Length: 32 hrs and 7 mins
Diwali for Hindus,"By: Michael Harbut, Michael Anderson",Length: 2 mins
Haunting Adeline (German Edition),By: H. D. Carlton,Length: 18 hrs and 34 mins
Binding 13,"By: Chloe Walsh, Antona Simongiovanni - traducteur",Length: 22 hrs and 53 mins
Queen of Shadows,By: Sarah J. Maas,Length: 20 hrs and 43 mins
Empire of Storms,By: Sarah J. Maas,Length: 25 hrs and 18 mins
The Envoys of War,By: Dave Lawson,Length: 11 hrs and 17 mins
Mourn the Liquid Dew of Youth,By: Tripp Ainsworth,Length: 4 hrs and 10 mins
When the Moon Hits Your Eye,By: John Scalzi,Length: 10 hrs and 5 mins
Reckless Obsession,By: Deborah Garland,Length: 10 hrs and 25 mins
His Rules,By: Piper Stone,Length: 11 hrs and 9 mins
A Little Broken,By: Kelsie Rae,Length: 13 hrs and 47 mins
The Golden Daffodil,By: Laraba Kendig,Length: 10 hrs and 23 mins
Light Speed Raiders,"By: Emily Tanner, Tyler Bowman",Length: 13 hrs and 7 mins
Pride and Prejudice,By: Jane Austen,Length: 11 hrs and 35 mins
"Harry Potter and the Deathly Hallows, Book 7",By: J.K. Rowling,Length: 21 hrs and 36 mins
When Wizards Follow Fools,By: Andrew Rowe,Length: 19 hrs and 25 mins
He Who Fights with Monsters 2,"By: Shirtaloon, Travis Deverell",Length: 22 hrs and 1 min
"Harry Potter and the Chamber of Secrets, Book 2",By: J.K. Rowling,Length: 9 hrs and 2 mins
Nobody's Fool,By: Harlan Coben,Length: 11 hrs and 17 mins
The Will of the Many,By: James Islington,Length: 28 hrs and 14 mins
Dungeon Diving 203,By: Bruce Sentar,Length: 11 hrs and 12 mins
Fourth Wing,By: Rebecca Yarros,Length: 21 hrs and 22 mins
Hercule Poirot: The Complete Short Stories,By: Agatha Christie,Length: 35 hrs and 5 mins
"Harry Potter and the Prisoner of Azkaban, Book 3",By: J.K. Rowling,Length: 11 hrs and 49 mins
The Handmaid's Tale,By: Margaret Atwood,Length: 11 hrs and 1 min
Project Hail Mary,By: Andy Weir,Length: 16 hrs and 10 mins
"The Word of Promise Audio Bible—New King James Version, NKJV: Complete Bible",By: Thomas Nelson Inc.,Length: 98 hrs and 1 min
"Dark Matter Ascension, Book 1",By: SerasStreams,Length: 23 hrs and 6 mins
48 Laws of Power,By: Robert Greene,Length: 23 hrs and 6 mins
A Proposal to Die For,By: Molly Harper,Length: 11 hrs and 47 mins
Red Rising,By: Pierce Brown,Length: 16 hrs and 12 mins
Words of Radiance,By: Brandon Sanderson,Length: 48 hrs and 15 mins
The Women,By: Kristin Hannah,Length: 14 hrs and 57 mins
The Finish Line,By: Kate Stewart,Length: 14 hrs and 39 mins
Wicked Love,By: Willow Aster,Length: 8 hrs and 53 mins
The Path of Ascension 8,By: C. Mantis,Length: 27 hrs and 23 mins
Hell Difficulty Tutorial 3,By: Cerim,Length: 24 hrs and 19 mins
Credence,By: Penelope Douglas,Length: 16 hrs and 55 mins
The Holy Bible: King James Version,By: King James Bible,Length: 82 hrs and 53 mins
Think and Grow Rich,By: Napoleon Hill,Length: 9 hrs and 35 mins
Madame Bovary by Gustave Flaubert,By: Gustave Flaubert,Length: 12 hrs and 21 mins
The Nightingale,By: Kristin Hannah,Length: 17 hrs and 19 mins
The Boyfriend,By: Freida McFadden,Length: 9 hrs and 20 mins
King of Wrath,By: Ana Huang,Length: 12 hrs and 5 mins
Now Is the Time of Monsters,By: A.G. Mock,Length: 13 hrs and 37 mins
A Court of Silver Flames,By: Sarah J. Maas,Length: 26 hrs and 5 mins
Vicious Fae,"By: Caroline Peckham, Susanne Valenti",Length: 17 hrs and 57 mins
Morbidly Yours,By: Ivy Fairbanks,Length: 9 hrs and 34 mins
A Court of Thorns and Roses,By: Sarah J. Maas,Length: 16 hrs and 7 mins
The Complete Strategy Collection - A Modern Translation - Adapted for the Contemporary Reader,"By: Niccolò Machiavelli, Sun Tzu, Miyamoto Musashi, Confucius, Laozi, Kautilya, Napoleon Bonaparte, Frederick the Great, Julius Caesar",Length: 94 hrs and 29 mins
The Five Year Lie,By: Sarina Bowen,Length: 12 hrs and 41 mins
The Fellowship of the Ring,By: J. R. R. Tolkien,Length: 22 hrs and 38 mins
Unstoppable,By: Shon,Length: 7 hrs and 10 mins
The Sublet,By: Greer Hendricks,Length: 1 hr and 29 mins
My Dark Fairy Tale,By: Giana Darling,Length: 10 hrs and 52 mins
The Girlfriend Zone,By: Lauren Blakely,Length: 13 hrs and 36 mins
No Roast for the Weary,By: Cleo Coyle,Length: 11 hrs and 4 mins
Brave Your Story,By: Maria Ian,Length: 4 hrs and 45 mins
"An Irish Village Mystery Bundle, Books 1-3",By: Carlene O'Connor,Length: 29 hrs and 55 mins
A Dead Man on Staffin Beach,By: J M Dalgliesh,Length: 8 hrs and 45 mins
Madness,By: Shantel Tessier,Length: 23 hrs and 33 mins
Beautiful Ugly,By: Alice Feeney,Length: 9 hrs and 19 mins
Dune Messiah,By: Frank Herbert,Length: 8 hrs and 57 mins
Keep Tahoe Blue,By: Nicole Pyland,Length: 7 hrs and 30 mins
Polywise,"By: Jessica Fern, David Cooley - contributor, Carrie Jenkins - foreword",Length: 11 hrs and 31 mins
Wren,By: Ashley James,Length: 2 hrs and 16 mins
Passages,By: Brenda J. Webb,Length: 12 hrs and 28 mins
Quicksilver,By: Callie Hart,Length: 20 hrs and 41 mins
HBR Guide to Thinking Strategically,By: Harvard Business Review,Length: 5 hrs and 52 mins
Easter: The Rest of the Story,By: Rick Renner,Length: 7 hrs and 6 mins
"The America Falls Omnibus, Books 1-11",By: Scott Medbury,Length: 59 hrs and 35 mins
Three Ways to Mend a Broken Heart,By: Trilina Pucci,Length: 6 hrs and 39 mins
A Beautiful Couple,By: Leslie Wolfe,Length: 10 hrs and 48 mins
"The Mad Mick Box Set, Volume 3",By: Franklin Horton,Length: 29 hrs and 2 mins
Notes on Shapeshifting,By: Gabi Abrão,Length: 1 hr and 35 mins
Priest: A Love Story,By: Sierra Simone,Length: 8 hrs and 7 mins
Pucking Around,By: Emily Rath,Length: 24 hrs and 41 mins
Why We Sleep,By: Matthew Walker,Length: 13 hrs and 52 mins
The Kings of Kearny,By: Navessa Allen,Length: 9 hrs and 18 mins
The History of the Ancient World,By: Susan Wise Bauer,Length: 26 hrs and 20 mins
The 10 Most Important Factors For Ranking Your Website,By: Zack Mozes,Length: 9 hrs
I Married a Catman,By: Regine Abel,Length: 10 hrs and 20 mins
Defiance of the Fall 2,"By: TheFirstDefier, JF Brink",Length: 24 hrs and 30 mins
Happy Relationships,"By: Kimberly Brown, David Michie - foreword",Length: 5 hrs and 52 mins
Lasting Prosperity,By: Arthur Belinsky,Length: 1 hr and 1 min
Dr. Sebi’s Natural Cures Bible: 4 in 1,By: Meggie Drew,Length: 8 hrs and 56 mins
The Silmarillion,"By: J. R. R. Tolkien, Christopher Tolkien",Length: 19 hrs and 24 mins
Come As You Are: Revised and Updated,By: Emily Nagoski PhD,Length: 11 hrs and 30 mins
Be Smart Pay Zero Taxes,By: Mark J. Quann,Length: 7 hrs and 10 mins
The Stand,By: Stephen King,Length: 47 hrs and 47 mins
Never Lie,By: Freida McFadden,Length: 7 hrs and 20 mins
The Future Human,"By: Lee Harris, Regina Meredith",Length: 7 hrs and 10 mins
The Laws of Human Nature,By: Robert Greene,Length: 28 hrs and 26 mins
Don't Call Me Daddy,By: Jeré Anthony,Length: 14 hrs and 12 mins
A Court of Silver Flames (Part 1 of 2) (Dramatized Adaptation),By: Sarah J. Maas,Length: 10 hrs
Dungeon Heroes Omnibus: Books 1-6,"By: Shane Hammond, Marcus Sloss",Length: 73 hrs and 51 mins
Torrent Witches Cozy Mysteries Complete Box Set: Books 1-10,By: Tess Lake,Length: 65 hrs and 31 mins
A Recipe for Murder,By: Verity Bright,Length: 9 hrs and 45 mins
Under Your Scars,By: Ariel N. Anderson,Length: 19 hrs and 2 mins
Flowers of Esthelm,By: pirateaba,Length: 37 hrs and 37 mins
Greenlights,By: Matthew McConaughey,Length: 6 hrs and 51 mins
Maybe Someday,By: Colleen Hoover,Length: 10 hrs and 40 mins
James,By: Percival Everett,Length: 7 hrs and 49 mins
Scythe & Sparrow,By: Brynne Weaver,Length: 11 hrs and 36 mins
The Commuter,"By: James Patterson, Aaron Tracy",Length: 2 hrs and 30 mins
Poisoning the Well,"By: Sharon Udasin, Rachel Frazin",Length: 7 hrs and 10 mins
Wild Side,By: Elsie Silver,Length: 12 hrs and 17 mins
