date,home_team,scores,away_team
16-08-2024,Arsenal,2 - 0,Wolves
23-08-2024,Aston Villa,0 - 2,Arsenal
30-08-2024,Arsenal,1 - 1,Brighton
14-09-2024,Tottenham,0 - 1,Arsenal
21-09-2024,Man City,2 - 2,Arsenal
27-09-2024,Arsenal,4 - 2,Leicester
04-10-2024,Arsenal,3 - 1,Southampton
18-10-2024,Bournemouth,2 - 0,Arsenal
26-10-2024,Arsenal,2 - 2,Liverpool
01-11-2024,Newcastle,1 - 0,Arsenal
09-11-2024,Chelsea,1 - 1,Arsenal
22-11-2024,Arsenal,3 - 0,Nott'm Forest
29-11-2024,West Ham,2 - 5,Arsenal
03-12-2024,Arsenal,2 - 0,Man United
07-12-2024,Fulham,1 - 1,Arsenal
13-12-2024,Arsenal,0 - 0,Everton
20-12-2024,Crystal Palace,1 - 5,Arsenal
26-12-2024,Arsenal,1 - 0,Ipswich
31-12-2024,Brentford,1 - 3,Arsenal
03-01-2025,Brighton,1 - 1,Arsenal
14-01-2025,Arsenal,2 - 1,Tottenham
17-01-2025,Arsenal,2 - 2,Aston Villa
24-01-2025,Wolves,0 - 1,Arsenal
01-02-2025,Arsenal,5 - 1,Man City
14-02-2025,Leicester,0 - 2,Arsenal
21-02-2025,Arsenal,0 - 1,West Ham
25-02-2025,Nott'm Forest,0 - 0,Arsenal
08-03-2025,Man United,1 - 1,Arsenal
15-03-2025,Arsenal,1 - 0,Chelsea
31-03-2025,Arsenal,2 - 1,Fulham
04-04-2025,Everton,1 - 1,Arsenal
11-04-2025,Arsenal,1 - 1,Brentford
16-08-2024,West Ham,1 - 2,Aston Villa
23-08-2024,Aston Villa,0 - 2,Arsenal
30-08-2024,Leicester,1 - 2,Aston Villa
13-09-2024,Aston Villa,3 - 2,Everton
20-09-2024,Aston Villa,3 - 1,Wolves
28-09-2024,Ipswich,2 - 2,Aston Villa
05-10-2024,Aston Villa,0 - 0,Man United
18-10-2024,Fulham,1 - 3,Aston Villa
25-10-2024,Aston Villa,1 - 1,Bournemouth
02-11-2024,Tottenham,4 - 1,Aston Villa
08-11-2024,Liverpool,2 - 0,Aston Villa
22-11-2024,Aston Villa,2 - 2,Crystal Palace
30-11-2024,Chelsea,3 - 0,Aston Villa
03-12-2024,Aston Villa,3 - 1,Brentford
06-12-2024,Aston Villa,1 - 0,Southampton
13-12-2024,Nott'm Forest,2 - 1,Aston Villa
20-12-2024,Aston Villa,2 - 1,Man City
25-12-2024,Newcastle,3 - 0,Aston Villa
29-12-2024,Aston Villa,2 - 2,Brighton
03-01-2025,Aston Villa,2 - 1,Leicester
14-01-2025,Everton,0 - 1,Aston Villa
17-01-2025,Arsenal,2 - 2,Aston Villa
25-01-2025,Aston Villa,1 - 1,West Ham
31-01-2025,Wolves,2 - 0,Aston Villa
14-02-2025,Aston Villa,1 - 1,Ipswich
18-02-2025,Aston Villa,2 - 2,Liverpool
21-02-2025,Aston Villa,2 - 1,Chelsea
24-02-2025,Crystal Palace,4 - 1,Aston Villa
07-03-2025,Brentford,0 - 1,Aston Villa
01-04-2025,Brighton,0 - 3,Aston Villa
04-04-2025,Aston Villa,2 - 1,Nott'm Forest
11-04-2025,Southampton,0 - 3,Aston Villa
16-08-2024,Nott'm Forest,1 - 1,Bournemouth
24-08-2024,Bournemouth,1 - 1,Newcastle
30-08-2024,Everton,2 - 3,Bournemouth
13-09-2024,Bournemouth,0 - 1,Chelsea
20-09-2024,Liverpool,3 - 0,Bournemouth
29-09-2024,Bournemouth,3 - 1,Southampton
04-10-2024,Leicester,1 - 0,Bournemouth
18-10-2024,Bournemouth,2 - 0,Arsenal
25-10-2024,Aston Villa,1 - 1,Bournemouth
01-11-2024,Bournemouth,2 - 1,Man City
08-11-2024,Brentford,3 - 2,Bournemouth
22-11-2024,Bournemouth,1 - 2,Brighton
29-11-2024,Wolves,2 - 4,Bournemouth
04-12-2024,Bournemouth,1 - 0,Tottenham
07-12-2024,Ipswich,1 - 2,Bournemouth
15-12-2024,Bournemouth,1 - 1,West Ham
21-12-2024,Man United,0 - 3,Bournemouth
25-12-2024,Bournemouth,0 - 0,Crystal Palace
28-12-2024,Fulham,2 - 2,Bournemouth
03-01-2025,Bournemouth,1 - 0,Everton
13-01-2025,Chelsea,2 - 2,Bournemouth
17-01-2025,Newcastle,1 - 4,Bournemouth
24-01-2025,Bournemouth,5 - 0,Nott'm Forest
31-01-2025,Bournemouth,0 - 2,Liverpool
14-02-2025,Southampton,1 - 3,Bournemouth
21-02-2025,Bournemouth,0 - 1,Wolves
24-02-2025,Brighton,2 - 1,Bournemouth
08-03-2025,Tottenham,2 - 2,Bournemouth
14-03-2025,Bournemouth,1 - 2,Brentford
01-04-2025,Bournemouth,1 - 2,Ipswich
04-04-2025,West Ham,2 - 2,Bournemouth
17-08-2024,Brentford,2 - 1,Crystal Palace
24-08-2024,Liverpool,2 - 0,Brentford
30-08-2024,Brentford,3 - 1,Southampton
13-09-2024,Man City,2 - 1,Brentford
20-09-2024,Tottenham,3 - 1,Brentford
27-09-2024,Brentford,1 - 1,West Ham
04-10-2024,Brentford,5 - 3,Wolves
18-10-2024,Man United,2 - 1,Brentford
25-10-2024,Brentford,4 - 3,Ipswich
03-11-2024,Fulham,2 - 1,Brentford
08-11-2024,Brentford,3 - 2,Bournemouth
22-11-2024,Everton,0 - 0,Brentford
29-11-2024,Brentford,4 - 1,Leicester
03-12-2024,Aston Villa,3 - 1,Brentford
06-12-2024,Brentford,4 - 2,Newcastle
14-12-2024,Chelsea,2 - 1,Brentford
20-12-2024,Brentford,0 - 2,Nott'm Forest
26-12-2024,Brighton,0 - 0,Brentford
31-12-2024,Brentford,1 - 3,Arsenal
03-01-2025,Southampton,0 - 5,Brentford
13-01-2025,Brentford,2 - 2,Man City
17-01-2025,Brentford,0 - 2,Liverpool
25-01-2025,Crystal Palace,1 - 2,Brentford
01-02-2025,Brentford,0 - 2,Tottenham
14-02-2025,West Ham,0 - 1,Brentford
20-02-2025,Leicester,0 - 4,Brentford
25-02-2025,Brentford,1 - 1,Everton
07-03-2025,Brentford,0 - 1,Aston Villa
14-03-2025,Bournemouth,1 - 2,Brentford
01-04-2025,Newcastle,2 - 1,Brentford
05-04-2025,Brentford,0 - 0,Chelsea
11-04-2025,Arsenal,1 - 1,Brentford
16-08-2024,Everton,0 - 3,Brighton
23-08-2024,Brighton,2 - 1,Man United
30-08-2024,Arsenal,1 - 1,Brighton
13-09-2024,Brighton,0 - 0,Ipswich
21-09-2024,Brighton,2 - 2,Nott'm Forest
27-09-2024,Chelsea,4 - 2,Brighton
05-10-2024,Brighton,3 - 2,Tottenham
18-10-2024,Newcastle,0 - 1,Brighton
25-10-2024,Brighton,2 - 2,Wolves
01-11-2024,Liverpool,2 - 1,Brighton
08-11-2024,Brighton,2 - 1,Man City
22-11-2024,Bournemouth,1 - 2,Brighton
28-11-2024,Brighton,1 - 1,Southampton
04-12-2024,Fulham,3 - 1,Brighton
07-12-2024,Leicester,2 - 2,Brighton
14-12-2024,Brighton,1 - 3,Crystal Palace
20-12-2024,West Ham,1 - 1,Brighton
26-12-2024,Brighton,0 - 0,Brentford
29-12-2024,Aston Villa,2 - 2,Brighton
03-01-2025,Brighton,1 - 1,Arsenal
15-01-2025,Ipswich,0 - 2,Brighton
18-01-2025,Man United,1 - 3,Brighton
24-01-2025,Brighton,0 - 1,Everton
31-01-2025,Nott'm Forest,7 - 0,Brighton
13-02-2025,Brighton,3 - 0,Chelsea
21-02-2025,Southampton,0 - 4,Brighton
24-02-2025,Brighton,2 - 1,Bournemouth
07-03-2025,Brighton,2 - 1,Fulham
14-03-2025,Man City,2 - 2,Brighton
01-04-2025,Brighton,0 - 3,Aston Villa
04-04-2025,Crystal Palace,2 - 1,Brighton
11-04-2025,Brighton,2 - 2,Leicester
17-08-2024,Chelsea,0 - 2,Man City
24-08-2024,Wolves,2 - 6,Chelsea
31-08-2024,Chelsea,1 - 1,Crystal Palace
13-09-2024,Bournemouth,0 - 1,Chelsea
20-09-2024,West Ham,0 - 3,Chelsea
27-09-2024,Chelsea,4 - 2,Brighton
05-10-2024,Chelsea,1 - 1,Nott'm Forest
19-10-2024,Liverpool,2 - 1,Chelsea
26-10-2024,Chelsea,2 - 1,Newcastle
02-11-2024,Man United,1 - 1,Chelsea
09-11-2024,Chelsea,1 - 1,Arsenal
22-11-2024,Leicester,1 - 2,Chelsea
30-11-2024,Chelsea,3 - 0,Aston Villa
03-12-2024,Southampton,1 - 5,Chelsea
07-12-2024,Tottenham,3 - 4,Chelsea
14-12-2024,Chelsea,2 - 1,Brentford
21-12-2024,Everton,0 - 0,Chelsea
25-12-2024,Chelsea,1 - 2,Fulham
29-12-2024,Ipswich,2 - 0,Chelsea
03-01-2025,Crystal Palace,1 - 1,Chelsea
13-01-2025,Chelsea,2 - 2,Bournemouth
19-01-2025,Chelsea,3 - 1,Wolves
24-01-2025,Man City,3 - 1,Chelsea
02-02-2025,Chelsea,2 - 1,West Ham
13-02-2025,Brighton,3 - 0,Chelsea
21-02-2025,Aston Villa,2 - 1,Chelsea
24-02-2025,Chelsea,4 - 0,Southampton
08-03-2025,Chelsea,1 - 0,Leicester
15-03-2025,Arsenal,1 - 0,Chelsea
02-04-2025,Chelsea,1 - 0,Tottenham
05-04-2025,Brentford,0 - 0,Chelsea
17-08-2024,Brentford,2 - 1,Crystal Palace
23-08-2024,Crystal Palace,0 - 2,West Ham
31-08-2024,Chelsea,1 - 1,Crystal Palace
13-09-2024,Crystal Palace,2 - 2,Leicester
20-09-2024,Crystal Palace,0 - 0,Man United
27-09-2024,Everton,2 - 1,Crystal Palace
04-10-2024,Crystal Palace,0 - 1,Liverpool
20-10-2024,Nott'm Forest,1 - 0,Crystal Palace
26-10-2024,Crystal Palace,1 - 0,Tottenham
01-11-2024,Wolves,2 - 2,Crystal Palace
08-11-2024,Crystal Palace,0 - 2,Fulham
22-11-2024,Aston Villa,2 - 2,Crystal Palace
29-11-2024,Crystal Palace,1 - 1,Newcastle
02-12-2024,Ipswich,0 - 1,Crystal Palace
06-12-2024,Crystal Palace,2 - 2,Man City
14-12-2024,Brighton,1 - 3,Crystal Palace
20-12-2024,Crystal Palace,1 - 5,Arsenal
25-12-2024,Bournemouth,0 - 0,Crystal Palace
28-12-2024,Crystal Palace,2 - 1,Southampton
03-01-2025,Crystal Palace,1 - 1,Chelsea
14-01-2025,Leicester,0 - 2,Crystal Palace
17-01-2025,West Ham,0 - 2,Crystal Palace
25-01-2025,Crystal Palace,1 - 2,Brentford
01-02-2025,Man United,0 - 2,Crystal Palace
14-02-2025,Crystal Palace,1 - 2,Everton
21-02-2025,Fulham,0 - 2,Crystal Palace
24-02-2025,Crystal Palace,4 - 1,Aston Villa
07-03-2025,Crystal Palace,1 - 0,Ipswich
01-04-2025,Southampton,1 - 1,Crystal Palace
04-04-2025,Crystal Palace,2 - 1,Brighton
11-04-2025,Man City,5 - 2,Crystal Palace
16-08-2024,Everton,0 - 3,Brighton
23-08-2024,Tottenham,4 - 0,Everton
30-08-2024,Everton,2 - 3,Bournemouth
13-09-2024,Aston Villa,3 - 2,Everton
20-09-2024,Leicester,1 - 1,Everton
27-09-2024,Everton,2 - 1,Crystal Palace
04-10-2024,Everton,0 - 0,Newcastle
18-10-2024,Ipswich,0 - 2,Everton
25-10-2024,Everton,1 - 1,Fulham
01-11-2024,Southampton,1 - 0,Everton
08-11-2024,West Ham,0 - 0,Everton
22-11-2024,Everton,0 - 0,Brentford
30-11-2024,Man United,4 - 0,Everton
03-12-2024,Everton,4 - 0,Wolves
13-12-2024,Arsenal,0 - 0,Everton
21-12-2024,Everton,0 - 0,Chelsea
25-12-2024,Man City,1 - 1,Everton
28-12-2024,Everton,0 - 2,Nott'm Forest
03-01-2025,Bournemouth,1 - 0,Everton
14-01-2025,Everton,0 - 1,Aston Villa
18-01-2025,Everton,3 - 2,Tottenham
24-01-2025,Brighton,0 - 1,Everton
31-01-2025,Everton,4 - 0,Leicester
11-02-2025,Everton,2 - 2,Liverpool
14-02-2025,Crystal Palace,1 - 2,Everton
21-02-2025,Everton,2 - 2,Man United
25-02-2025,Brentford,1 - 1,Everton
07-03-2025,Wolves,1 - 1,Everton
14-03-2025,Everton,1 - 1,West Ham
01-04-2025,Liverpool,1 - 0,Everton
04-04-2025,Everton,1 - 1,Arsenal
11-04-2025,Nott'm Forest,0 - 1,Everton
15-08-2024,Man United,1 - 0,Fulham
23-08-2024,Fulham,2 - 1,Leicester
30-08-2024,Ipswich,1 - 1,Fulham
13-09-2024,Fulham,1 - 1,West Ham
20-09-2024,Fulham,3 - 1,Newcastle
27-09-2024,Nott'm Forest,0 - 1,Fulham
04-10-2024,Man City,3 - 2,Fulham
18-10-2024,Fulham,1 - 3,Aston Villa
25-10-2024,Everton,1 - 1,Fulham
03-11-2024,Fulham,2 - 1,Brentford
08-11-2024,Crystal Palace,0 - 2,Fulham
22-11-2024,Fulham,1 - 4,Wolves
30-11-2024,Tottenham,1 - 1,Fulham
04-12-2024,Fulham,3 - 1,Brighton
07-12-2024,Fulham,1 - 1,Arsenal
13-12-2024,Liverpool,2 - 2,Fulham
21-12-2024,Fulham,0 - 0,Southampton
25-12-2024,Chelsea,1 - 2,Fulham
28-12-2024,Fulham,2 - 2,Bournemouth
04-01-2025,Fulham,2 - 2,Ipswich
13-01-2025,West Ham,3 - 2,Fulham
17-01-2025,Leicester,0 - 2,Fulham
25-01-2025,Fulham,0 - 1,Man United
31-01-2025,Newcastle,1 - 2,Fulham
14-02-2025,Fulham,2 - 1,Nott'm Forest
21-02-2025,Fulham,0 - 2,Crystal Palace
24-02-2025,Wolves,1 - 2,Fulham
07-03-2025,Brighton,2 - 1,Fulham
15-03-2025,Fulham,2 - 0,Tottenham
31-03-2025,Arsenal,2 - 1,Fulham
05-04-2025,Fulham,3 - 2,Liverpool
16-08-2024,Ipswich,0 - 2,Liverpool
23-08-2024,Man City,4 - 1,Ipswich
30-08-2024,Ipswich,1 - 1,Fulham
13-09-2024,Brighton,0 - 0,Ipswich
20-09-2024,Southampton,1 - 1,Ipswich
28-09-2024,Ipswich,2 - 2,Aston Villa
04-10-2024,West Ham,4 - 1,Ipswich
18-10-2024,Ipswich,0 - 2,Everton
25-10-2024,Brentford,4 - 3,Ipswich
01-11-2024,Ipswich,1 - 1,Leicester
09-11-2024,Tottenham,1 - 2,Ipswich
23-11-2024,Ipswich,1 - 1,Man United
29-11-2024,Nott'm Forest,1 - 0,Ipswich
02-12-2024,Ipswich,0 - 1,Crystal Palace
07-12-2024,Ipswich,1 - 2,Bournemouth
13-12-2024,Wolves,1 - 2,Ipswich
20-12-2024,Ipswich,0 - 4,Newcastle
26-12-2024,Arsenal,1 - 0,Ipswich
29-12-2024,Ipswich,2 - 0,Chelsea
04-01-2025,Fulham,2 - 2,Ipswich
15-01-2025,Ipswich,0 - 2,Brighton
18-01-2025,Ipswich,0 - 6,Man City
24-01-2025,Liverpool,4 - 1,Ipswich
31-01-2025,Ipswich,1 - 2,Southampton
14-02-2025,Aston Villa,1 - 1,Ipswich
21-02-2025,Ipswich,1 - 4,Tottenham
25-02-2025,Man United,3 - 2,Ipswich
07-03-2025,Crystal Palace,1 - 0,Ipswich
14-03-2025,Ipswich,2 - 4,Nott'm Forest
01-04-2025,Bournemouth,1 - 2,Ipswich
04-04-2025,Ipswich,1 - 2,Wolves
18-08-2024,Leicester,1 - 1,Tottenham
23-08-2024,Fulham,2 - 1,Leicester
30-08-2024,Leicester,1 - 2,Aston Villa
13-09-2024,Crystal Palace,2 - 2,Leicester
20-09-2024,Leicester,1 - 1,Everton
27-09-2024,Arsenal,4 - 2,Leicester
04-10-2024,Leicester,1 - 0,Bournemouth
18-10-2024,Southampton,2 - 3,Leicester
24-10-2024,Leicester,1 - 3,Nott'm Forest
01-11-2024,Ipswich,1 - 1,Leicester
09-11-2024,Man United,3 - 0,Leicester
22-11-2024,Leicester,1 - 2,Chelsea
29-11-2024,Brentford,4 - 1,Leicester
02-12-2024,Leicester,3 - 1,West Ham
07-12-2024,Leicester,2 - 2,Brighton
13-12-2024,Newcastle,4 - 0,Leicester
21-12-2024,Leicester,0 - 3,Wolves
25-12-2024,Liverpool,3 - 1,Leicester
28-12-2024,Leicester,0 - 2,Man City
03-01-2025,Aston Villa,2 - 1,Leicester
14-01-2025,Leicester,0 - 2,Crystal Palace
17-01-2025,Leicester,0 - 2,Fulham
25-01-2025,Tottenham,1 - 2,Leicester
31-01-2025,Everton,4 - 0,Leicester
14-02-2025,Leicester,0 - 2,Arsenal
20-02-2025,Leicester,0 - 4,Brentford
26-02-2025,West Ham,2 - 0,Leicester
08-03-2025,Chelsea,1 - 0,Leicester
15-03-2025,Leicester,0 - 3,Man United
01-04-2025,Man City,2 - 0,Leicester
06-04-2025,Leicester,0 - 3,Newcastle
11-04-2025,Brighton,2 - 2,Leicester
16-08-2024,Ipswich,0 - 2,Liverpool
24-08-2024,Liverpool,2 - 0,Brentford
31-08-2024,Man United,0 - 3,Liverpool
13-09-2024,Liverpool,0 - 1,Nott'm Forest
20-09-2024,Liverpool,3 - 0,Bournemouth
27-09-2024,Wolves,1 - 2,Liverpool
04-10-2024,Crystal Palace,0 - 1,Liverpool
19-10-2024,Liverpool,2 - 1,Chelsea
26-10-2024,Arsenal,2 - 2,Liverpool
01-11-2024,Liverpool,2 - 1,Brighton
08-11-2024,Liverpool,2 - 0,Aston Villa
23-11-2024,Southampton,2 - 3,Liverpool
30-11-2024,Liverpool,2 - 0,Man City
03-12-2024,Newcastle,3 - 3,Liverpool
13-12-2024,Liverpool,2 - 2,Fulham
21-12-2024,Tottenham,3 - 6,Liverpool
25-12-2024,Liverpool,3 - 1,Leicester
28-12-2024,West Ham,0 - 5,Liverpool
04-01-2025,Liverpool,2 - 2,Man United
13-01-2025,Nott'm Forest,1 - 1,Liverpool
17-01-2025,Brentford,0 - 2,Liverpool
24-01-2025,Liverpool,4 - 1,Ipswich
31-01-2025,Bournemouth,0 - 2,Liverpool
11-02-2025,Everton,2 - 2,Liverpool
15-02-2025,Liverpool,2 - 1,Wolves
18-02-2025,Aston Villa,2 - 2,Liverpool
22-02-2025,Man City,0 - 2,Liverpool
25-02-2025,Liverpool,2 - 0,Newcastle
07-03-2025,Liverpool,3 - 1,Southampton
01-04-2025,Liverpool,1 - 0,Everton
05-04-2025,Fulham,3 - 2,Liverpool
17-08-2024,Chelsea,0 - 2,Man City
23-08-2024,Man City,4 - 1,Ipswich
30-08-2024,West Ham,1 - 3,Man City
13-09-2024,Man City,2 - 1,Brentford
21-09-2024,Man City,2 - 2,Arsenal
27-09-2024,Newcastle,1 - 1,Man City
04-10-2024,Man City,3 - 2,Fulham
19-10-2024,Wolves,1 - 2,Man City
25-10-2024,Man City,1 - 0,Southampton
01-11-2024,Bournemouth,2 - 1,Man City
08-11-2024,Brighton,2 - 1,Man City
22-11-2024,Man City,0 - 4,Tottenham
30-11-2024,Liverpool,2 - 0,Man City
03-12-2024,Man City,3 - 0,Nott'm Forest
06-12-2024,Crystal Palace,2 - 2,Man City
14-12-2024,Man City,1 - 2,Man United
20-12-2024,Aston Villa,2 - 1,Man City
25-12-2024,Man City,1 - 1,Everton
28-12-2024,Leicester,0 - 2,Man City
03-01-2025,Man City,4 - 1,West Ham
13-01-2025,Brentford,2 - 2,Man City
18-01-2025,Ipswich,0 - 6,Man City
24-01-2025,Man City,3 - 1,Chelsea
01-02-2025,Arsenal,5 - 1,Man City
14-02-2025,Man City,4 - 0,Newcastle
22-02-2025,Man City,0 - 2,Liverpool
25-02-2025,Tottenham,0 - 1,Man City
07-03-2025,Nott'm Forest,1 - 0,Man City
14-03-2025,Man City,2 - 2,Brighton
01-04-2025,Man City,2 - 0,Leicester
05-04-2025,Man United,0 - 0,Man City
11-04-2025,Man City,5 - 2,Crystal Palace
15-08-2024,Man United,1 - 0,Fulham
23-08-2024,Brighton,2 - 1,Man United
31-08-2024,Man United,0 - 3,Liverpool
13-09-2024,Southampton,0 - 3,Man United
20-09-2024,Crystal Palace,0 - 0,Man United
28-09-2024,Man United,0 - 3,Tottenham
05-10-2024,Aston Villa,0 - 0,Man United
18-10-2024,Man United,2 - 1,Brentford
26-10-2024,West Ham,2 - 1,Man United
02-11-2024,Man United,1 - 1,Chelsea
09-11-2024,Man United,3 - 0,Leicester
23-11-2024,Ipswich,1 - 1,Man United
30-11-2024,Man United,4 - 0,Everton
03-12-2024,Arsenal,2 - 0,Man United
06-12-2024,Man United,2 - 3,Nott'm Forest
14-12-2024,Man City,1 - 2,Man United
21-12-2024,Man United,0 - 3,Bournemouth
25-12-2024,Wolves,2 - 0,Man United
29-12-2024,Man United,0 - 2,Newcastle
04-01-2025,Liverpool,2 - 2,Man United
15-01-2025,Man United,3 - 1,Southampton
18-01-2025,Man United,1 - 3,Brighton
25-01-2025,Fulham,0 - 1,Man United
01-02-2025,Man United,0 - 2,Crystal Palace
15-02-2025,Tottenham,1 - 0,Man United
21-02-2025,Everton,2 - 2,Man United
25-02-2025,Man United,3 - 2,Ipswich
08-03-2025,Man United,1 - 1,Arsenal
15-03-2025,Leicester,0 - 3,Man United
31-03-2025,Nott'm Forest,1 - 0,Man United
05-04-2025,Man United,0 - 0,Man City
16-08-2024,Newcastle,1 - 0,Southampton
24-08-2024,Bournemouth,1 - 1,Newcastle
31-08-2024,Newcastle,2 - 1,Tottenham
14-09-2024,Wolves,1 - 2,Newcastle
20-09-2024,Fulham,3 - 1,Newcastle
27-09-2024,Newcastle,1 - 1,Man City
04-10-2024,Everton,0 - 0,Newcastle
18-10-2024,Newcastle,0 - 1,Brighton
26-10-2024,Chelsea,2 - 1,Newcastle
01-11-2024,Newcastle,1 - 0,Arsenal
09-11-2024,Nott'm Forest,1 - 3,Newcastle
24-11-2024,Newcastle,0 - 2,West Ham
29-11-2024,Crystal Palace,1 - 1,Newcastle
03-12-2024,Newcastle,3 - 3,Liverpool
06-12-2024,Brentford,4 - 2,Newcastle
13-12-2024,Newcastle,4 - 0,Leicester
20-12-2024,Ipswich,0 - 4,Newcastle
25-12-2024,Newcastle,3 - 0,Aston Villa
29-12-2024,Man United,0 - 2,Newcastle
03-01-2025,Tottenham,1 - 2,Newcastle
14-01-2025,Newcastle,3 - 0,Wolves
17-01-2025,Newcastle,1 - 4,Bournemouth
24-01-2025,Southampton,1 - 3,Newcastle
31-01-2025,Newcastle,1 - 2,Fulham
14-02-2025,Man City,4 - 0,Newcastle
22-02-2025,Newcastle,4 - 3,Nott'm Forest
25-02-2025,Liverpool,2 - 0,Newcastle
09-03-2025,West Ham,0 - 1,Newcastle
01-04-2025,Newcastle,2 - 1,Brentford
06-04-2025,Leicester,0 - 3,Newcastle
16-08-2024,Nott'm Forest,1 - 1,Bournemouth
23-08-2024,Southampton,0 - 1,Nott'm Forest
30-08-2024,Nott'm Forest,1 - 1,Wolves
13-09-2024,Liverpool,0 - 1,Nott'm Forest
21-09-2024,Brighton,2 - 2,Nott'm Forest
27-09-2024,Nott'm Forest,0 - 1,Fulham
05-10-2024,Chelsea,1 - 1,Nott'm Forest
20-10-2024,Nott'm Forest,1 - 0,Crystal Palace
24-10-2024,Leicester,1 - 3,Nott'm Forest
01-11-2024,Nott'm Forest,3 - 0,West Ham
09-11-2024,Nott'm Forest,1 - 3,Newcastle
22-11-2024,Arsenal,3 - 0,Nott'm Forest
29-11-2024,Nott'm Forest,1 - 0,Ipswich
03-12-2024,Man City,3 - 0,Nott'm Forest
06-12-2024,Man United,2 - 3,Nott'm Forest
13-12-2024,Nott'm Forest,2 - 1,Aston Villa
20-12-2024,Brentford,0 - 2,Nott'm Forest
25-12-2024,Nott'm Forest,1 - 0,Tottenham
28-12-2024,Everton,0 - 2,Nott'm Forest
05-01-2025,Wolves,0 - 3,Nott'm Forest
13-01-2025,Nott'm Forest,1 - 1,Liverpool
18-01-2025,Nott'm Forest,3 - 2,Southampton
24-01-2025,Bournemouth,5 - 0,Nott'm Forest
31-01-2025,Nott'm Forest,7 - 0,Brighton
14-02-2025,Fulham,2 - 1,Nott'm Forest
22-02-2025,Newcastle,4 - 3,Nott'm Forest
25-02-2025,Nott'm Forest,0 - 0,Arsenal
07-03-2025,Nott'm Forest,1 - 0,Man City
14-03-2025,Ipswich,2 - 4,Nott'm Forest
31-03-2025,Nott'm Forest,1 - 0,Man United
04-04-2025,Aston Villa,2 - 1,Nott'm Forest
11-04-2025,Nott'm Forest,0 - 1,Everton
16-08-2024,Newcastle,1 - 0,Southampton
23-08-2024,Southampton,0 - 1,Nott'm Forest
30-08-2024,Brentford,3 - 1,Southampton
13-09-2024,Southampton,0 - 3,Man United
20-09-2024,Southampton,1 - 1,Ipswich
29-09-2024,Bournemouth,3 - 1,Southampton
04-10-2024,Arsenal,3 - 1,Southampton
18-10-2024,Southampton,2 - 3,Leicester
25-10-2024,Man City,1 - 0,Southampton
01-11-2024,Southampton,1 - 0,Everton
08-11-2024,Wolves,2 - 0,Southampton
23-11-2024,Southampton,2 - 3,Liverpool
28-11-2024,Brighton,1 - 1,Southampton
03-12-2024,Southampton,1 - 5,Chelsea
06-12-2024,Aston Villa,1 - 0,Southampton
14-12-2024,Southampton,0 - 5,Tottenham
21-12-2024,Fulham,0 - 0,Southampton
25-12-2024,Southampton,0 - 1,West Ham
28-12-2024,Crystal Palace,2 - 1,Southampton
03-01-2025,Southampton,0 - 5,Brentford
15-01-2025,Man United,3 - 1,Southampton
18-01-2025,Nott'm Forest,3 - 2,Southampton
24-01-2025,Southampton,1 - 3,Newcastle
31-01-2025,Ipswich,1 - 2,Southampton
14-02-2025,Southampton,1 - 3,Bournemouth
21-02-2025,Southampton,0 - 4,Brighton
24-02-2025,Chelsea,4 - 0,Southampton
07-03-2025,Liverpool,3 - 1,Southampton
14-03-2025,Southampton,1 - 2,Wolves
01-04-2025,Southampton,1 - 1,Crystal Palace
05-04-2025,Tottenham,3 - 1,Southampton
11-04-2025,Southampton,0 - 3,Aston Villa
18-08-2024,Leicester,1 - 1,Tottenham
23-08-2024,Tottenham,4 - 0,Everton
31-08-2024,Newcastle,2 - 1,Tottenham
14-09-2024,Tottenham,0 - 1,Arsenal
20-09-2024,Tottenham,3 - 1,Brentford
28-09-2024,Man United,0 - 3,Tottenham
05-10-2024,Brighton,3 - 2,Tottenham
18-10-2024,Tottenham,4 - 1,West Ham
26-10-2024,Crystal Palace,1 - 0,Tottenham
02-11-2024,Tottenham,4 - 1,Aston Villa
09-11-2024,Tottenham,1 - 2,Ipswich
22-11-2024,Man City,0 - 4,Tottenham
30-11-2024,Tottenham,1 - 1,Fulham
04-12-2024,Bournemouth,1 - 0,Tottenham
07-12-2024,Tottenham,3 - 4,Chelsea
14-12-2024,Southampton,0 - 5,Tottenham
21-12-2024,Tottenham,3 - 6,Liverpool
25-12-2024,Nott'm Forest,1 - 0,Tottenham
28-12-2024,Tottenham,2 - 2,Wolves
03-01-2025,Tottenham,1 - 2,Newcastle
14-01-2025,Arsenal,2 - 1,Tottenham
18-01-2025,Everton,3 - 2,Tottenham
25-01-2025,Tottenham,1 - 2,Leicester
01-02-2025,Brentford,0 - 2,Tottenham
15-02-2025,Tottenham,1 - 0,Man United
21-02-2025,Ipswich,1 - 4,Tottenham
25-02-2025,Tottenham,0 - 1,Man City
08-03-2025,Tottenham,2 - 2,Bournemouth
15-03-2025,Fulham,2 - 0,Tottenham
02-04-2025,Chelsea,1 - 0,Tottenham
05-04-2025,Tottenham,3 - 1,Southampton
16-08-2024,West Ham,1 - 2,Aston Villa
23-08-2024,Crystal Palace,0 - 2,West Ham
30-08-2024,West Ham,1 - 3,Man City
13-09-2024,Fulham,1 - 1,West Ham
20-09-2024,West Ham,0 - 3,Chelsea
27-09-2024,Brentford,1 - 1,West Ham
04-10-2024,West Ham,4 - 1,Ipswich
18-10-2024,Tottenham,4 - 1,West Ham
26-10-2024,West Ham,2 - 1,Man United
01-11-2024,Nott'm Forest,3 - 0,West Ham
08-11-2024,West Ham,0 - 0,Everton
24-11-2024,Newcastle,0 - 2,West Ham
29-11-2024,West Ham,2 - 5,Arsenal
02-12-2024,Leicester,3 - 1,West Ham
08-12-2024,West Ham,2 - 1,Wolves
15-12-2024,Bournemouth,1 - 1,West Ham
20-12-2024,West Ham,1 - 1,Brighton
25-12-2024,Southampton,0 - 1,West Ham
28-12-2024,West Ham,0 - 5,Liverpool
03-01-2025,Man City,4 - 1,West Ham
13-01-2025,West Ham,3 - 2,Fulham
17-01-2025,West Ham,0 - 2,Crystal Palace
25-01-2025,Aston Villa,1 - 1,West Ham
02-02-2025,Chelsea,2 - 1,West Ham
14-02-2025,West Ham,0 - 1,Brentford
21-02-2025,Arsenal,0 - 1,West Ham
26-02-2025,West Ham,2 - 0,Leicester
09-03-2025,West Ham,0 - 1,Newcastle
14-03-2025,Everton,1 - 1,West Ham
31-03-2025,Wolves,1 - 0,West Ham
04-04-2025,West Ham,2 - 2,Bournemouth
16-08-2024,Arsenal,2 - 0,Wolves
24-08-2024,Wolves,2 - 6,Chelsea
30-08-2024,Nott'm Forest,1 - 1,Wolves
14-09-2024,Wolves,1 - 2,Newcastle
20-09-2024,Aston Villa,3 - 1,Wolves
27-09-2024,Wolves,1 - 2,Liverpool
04-10-2024,Brentford,5 - 3,Wolves
19-10-2024,Wolves,1 - 2,Man City
25-10-2024,Brighton,2 - 2,Wolves
01-11-2024,Wolves,2 - 2,Crystal Palace
08-11-2024,Wolves,2 - 0,Southampton
22-11-2024,Fulham,1 - 4,Wolves
29-11-2024,Wolves,2 - 4,Bournemouth
03-12-2024,Everton,4 - 0,Wolves
08-12-2024,West Ham,2 - 1,Wolves
13-12-2024,Wolves,1 - 2,Ipswich
21-12-2024,Leicester,0 - 3,Wolves
25-12-2024,Wolves,2 - 0,Man United
28-12-2024,Tottenham,2 - 2,Wolves
05-01-2025,Wolves,0 - 3,Nott'm Forest
14-01-2025,Newcastle,3 - 0,Wolves
19-01-2025,Chelsea,3 - 1,Wolves
24-01-2025,Wolves,0 - 1,Arsenal
31-01-2025,Wolves,2 - 0,Aston Villa
15-02-2025,Liverpool,2 - 1,Wolves
21-02-2025,Bournemouth,0 - 1,Wolves
24-02-2025,Wolves,1 - 2,Fulham
07-03-2025,Wolves,1 - 1,Everton
14-03-2025,Southampton,1 - 2,Wolves
31-03-2025,Wolves,1 - 0,West Ham
04-04-2025,Ipswich,1 - 2,Wolves
